Category,URL,Breadcrumb,Course Title,Instructor,Students,Youtube URL,Total Rating,Short Intro,Long Intro,Price,Duration,Lectures,Rating,Instructor Info,Instructor Image URL,Instructors Courses,Instructors Students
Ngoại ngữ,"https://unica.vn/hoc-gioi-tieng-anh-toan-dien-nghe-noi-doc-viet
",Unica Ngoại ngữ Tiếng Anh  ,"Học giỏi Tiếng Anh toàn diện: Nghe, Nói, Đọc, Viết",Bùi Đức Tiến,1672 học viên,https://www.youtube.com/watch?v=m4zUUqfxnjs,51717 đánh giá,"Học giỏi Tiếng Anh toàn diện giúp bạn thành thạo 4 kỹ năng quan trọng nhất: Nghe, Nói, Đọc, Viết.","Giới thiệu khóa học
Xã hội ngày càng phát triển, Tiếng Anh trở thành một ngôn ngữ mang tính chất toàn cầu mà bất cứ ai cũng muốn sở hữu nó. Giao tiếp tiếng Anh tốt không chỉ giúp bạn khám phá nền văn hóa của nhiều nước thế giới, là cơ hội để học hỏi và hội nhập mà nó còn là một “vũ khí lợi hại” để bạn mở rộng cơ hội việc làm với mức lương cao. Để làm được điều này, bạn cần nắm chắc 4 kỹ năng: Nghe, nói, đọc, viết trong Tiếng Anh. 
Thực tế chỉ ra rằng,
Tiếng Anh có khoảng 750.000 từ vựng. Nhưng thực ra, nếu bạn nắm được 3000 từ thông dụng nhất, bạn có thể thành thạo 4 kỹ năng tiếng anh mà nhiều người hằng mong đợi. 
Tuy nhiên, 
- Đối với những người học tiếng Anh online, một trong những điều khó khăn nan giải nhất chính là học từ vựng và thực hành chúng thế nào để đạt được hiệu quả tối ưu nhất ?
- Bạn đang phát triển vốn từ bằng cách cố gắng tiếp thu càng nhiều từ một ngày càng tốt?
- Bạn đang học từ vựng bằng cách nhẩm đi nhẩm lại để nhớ kĩ hơn?
- Bạn đang học vật vã để cho 4 kỹ năng nghe nói đọc viết được thành thạo nhưng mãi vẫn không hiệu quả 
- Cho dù bạn đang học bằng cách nào nhưng sau một thời gian nhìn lại, bạn thấy vốn từ vựng của mình không khá lên bao nhiêu, 4 kỹ năng cũng chẳng hề cải thiện.
Vậy nguyên nhân là gì?
Câu trả lời: đó là do bạn đã chọn SAI PHƯƠNG PHÁP HỌC TIẾNG ANH 
Khóa học Học giỏi Tiếng Anh toàn diện: Nghe, nói, đọc, viết của giảng viên Bùi Đức Tiến sẽ giúp bạn hệ thống lại những kiến thức vốn có của mình một cách khoa học và giúp bạn nắm chắc 4 kỹ năng quan trọng của tiếng anh.
Nội dung khóa học
Phần 1: Tăng 3000 từ vựng Tiếng Anh thông dụng trong 30 ngày
Phần 2: Chắc 10 ngữ pháp Tiếng Anh thông dụng nhất trong giao tiếp
Phần 3: Chiến lược học phát âm chuẩn Tiếng Anh
Phần 4: 4 Chiến lược để nghe được Tiếng Anh
Phần 5: 5 Chiến lược học phản xạ nói Tiếng Anh
Phần 6: Chiến lược đọc Tiếng Anh hiểu nhanh
Phần 7: Kỹ thuật luyện viết Tiếng Anh cho người bận rộn.
Còn chần chừ gì mà không nhanh tay đăng ký khóa học ngoại ngữ Học giỏi Tiếng Anh toàn diện: Nghe, nói, đọc, viết có tại Unica.vn để có thể chinh phục ngôn ngữ tiếng Anh trong thời gian ngắn nhất. ","399,000đ",09 giờ 46 phút,51 bài giảng,5,"Bùi Đức Tiến
Thạc sĩ Ngôn ngữ học
Thạc sĩ Bùi Đức Tiến tốt nghiệp thạc sĩ Linguistics, Đại học Curtin. Ông hiện là giảng viên khoa tiếng Anh tại Đại học Sư phạm TP. HCM và là ủy viên Ban Chấp Hành Hội Nghiên cứu và Giảng dạy tiếng Anh TP. HCM. Ngoài ra, thầy còn là  người sáng lập Anh Ngữ English Master Center
Xem Thêm",https://unica.vn/uploads/nguyenthiDieuLinh/November1120161117am_bui-duc-tien_thumb.jpg,2,1713
Ngoại ngữ,"https://unica.vn/hoc-tieng-nhat-that-de
",Unica Ngoại ngữ Tiếng Nhật  ,Học tiếng Nhật thật dễ,Thanh Trúc,1968 học viên,https://www.youtube.com/watch?v=krV2x1i0v60,72 đánh giá,"Học tiếng Nhật vỡ lòng một cách sinh động, hứng thú, đầy cảm quan với một giáo trình được biên soạn chi tiết, dễ hiểu và dễ ứng dụng.","Giới thiệu khóa học
Bạn có biết rằng,
Bên cạnh “ngôn ngữ toàn cầu” là tiếng Anh thì tiếng Nhật cũng được xem là ngoại ngữ được nhiều bạn trẻ lựa chọn theo học ngoại ngữ online trong nhiều năm trở lại đây. 
Bởi lẽ, 
Nhật Bản là một trong những đối tác kinh tế quan trọng hàng đầu của Việt Nam. Nhật Bản đang đầu tư vào thị trường Việt Nam ngày càng nhiều. Điều này cũng đồng nghĩa với việc nhu cầu tìm nguồn nhân lực biết tiếng Nhật cũng được chú trọng. Ngoài những kiến thức chuyên môn bạn được học trên ghế nhà trường thì sử dụng thành thạo tiếng Nhật chính là chìa khóa vàng giúp bạn mở ra nhiều cánh cửa lựa chọn việc làm trong và ngoài nước. 
Hiểu được tầm quan trọng mà tiếng Nhật mang lại, Unica hợp tác cùng giảng viên Thanh Trúc xuất bản khóa học Học tiếng Nhật thật dễ nhằm giúp các học viên tìm được phương pháp học siêu tốc kiểu Nhật, dễ học, dễ nói, dễ thành công.
Nội dung khóa học 
Giáo trình có 46 bài giảng, bao gồm các nội dung chính sau:
Phần 1: Nhập môn tiếng Nhật
Phần 2: Giao tiếp trong tiếng Nhật
Phần 3: Những mẫu câu ngữ pháp căn bản
Phần 4: Các dạng bài tập thường gặp
Phần 5: Những tình huống đàm thoại căn bản
Phần 6: Bài tập và ngữ pháp (bổ sung)
Lợi ích khi tham gia khóa học
- Khóa học nhằm giúp cho người mới bắt đầu học tiếng Nhật có những hứng thú, tạo động lực theo đuổi cho một quá trình dài lâu. 
- Qua đây, bạn học được những câu chào hỏi, từ vựng, ngữ pháp căn bản của tiếng Nhật vỡ lòng một cách sinh động, đầy hứng thú, đầy cảm quan với một giáo trình được biên soạn chi tiết, dễ hiểu và dễ ứng dụng. Hãy chọn thật đúng con đường phía trước của bạn.
- Đến với giảng viên Bùi Thị Thanh Trúc, học viên sẽ được tiếp cận với những kiến thức rất bổ ích, thiết thực. Với sự đam mê và tận tâm, giảng viên sẽ giúp các bạn tiếp cận với cách dạy đầy sáng tạo và hoàn thiện hơn trong quá trình học. 
Còn vô vàn những kiến thức bổ ích có trong khóa học Học tiếng Nhật thật dễ có tại Unica.vn. Nhanh tay đăng ký để có thể nhận những ưu đãi bất ngờ ngay trong hôm nay bạn nhé !","399,000đ",03 giờ 19 phút,46 bài giảng,4,"Thanh Trúc
Giảng Viên
Giảng viên Thanh Trúc tốt nghiệp trường Đại học Ngoại Ngữ Tin Học TP.HCM, chuyên ngành Nhật ngữ. Cô sở hữu bằng chứng chỉ về lớp văn hóa doanh nghiệp Nhật của Công ty Pasonatech chứng nhận. Kinh nghiệm 3 năm giảng dạy tại các Trung tâm ngoại ngữ, công ty, trường THPT…
Xem Thêm",https://unica.vn/uploads/xuan2016/August820161115am_thanh-truc_thumb.jpg,3,2145
Ngoại ngữ,"https://unica.vn/toeic-than-toc-danh-cho-nguoi-mat-goc
",Unica Ngoại ngữ Tiếng Anh  ,TOEIC thần tốc dành cho người mất gốc,Đỗ Vân Anh,542 học viên,https://www.youtube.com/watch?v=QnoALUVrjhw,40 đánh giá,"Khóa học toeic online cho người mất gốc chính là cuốn cẩm nang toàn diện giúp bạn bắt đầu ôn thi Toeic từ phần cơ bản nhất: từ vựng, phương pháp phân tích câu, từ và hình ảnh giúp bạn dễ dàng ghi nhớ từ vựng và rèn luyện phản xạ tự nhiên, dễ dàng và tự tin hơn trong giao tiếp","Giới thiệu khóa học
Tầm quan trọng của Tiếng Anh
- Quá trình hội nhập giúp các doanh nghiệp tại Việt Nam có cơ hội phát triển nhanh chóng và mạnh mẽ, chính vì vậy những người sở hữu kỹ năng chuyên môn cao luôn được đãi ngộ tốt hơn. Không chỉ vậy, nếu bạn là 1 người giỏi Tiếng Anh, đặc biệt có các chứng chỉ Tiếng Anh thì khả năng xin việc của bạn tại các công ty lớn với mức lương theo mong muốn càng cao.
- Với một số công ty, Tiếng Anh chính là kỹ năng mềm cần thiết. Vì vậy không chỉ những sinh viên sắp ra trường và đang trong quá trình tìm việc mới ôn thi lấy chứng chỉ Toeic - Bài kiểm tra Tiếng Anh giao tiếp quốc tế nhằm đánh giá khả năng Tiếng Anh họ - với nhiều cơ hội làm đúng ngành nghề mình chọn. Mà ngay cả những nhân viên công ty cũng muốn thể hiện bản thân về ngoại ngữ và nhanh chóng thăng tiến trong công việc.
Thế nhưng, bạn còn đắn đo vì chưa biết gì về cấu trúc đề thi và những mẹo làm bài đạt điểm cao?
Khóa học Toeic online “Toeic thần tốc dành cho người mất gốc” được biên soạn bởi giảng viên Đỗ Vân Anh chính là cuốn cẩm nang toàn diện giúp bạn bắt đầu học ngoại ngữ online và muốn ôn thi Toeic từ phần cơ bản nhất: từ vựng, phương pháp phân tích câu, từ và hình ảnh,....
Nội dung khóa học toeic online cấp tốc
Giáo trình khóa học có 56 bài giảng bao gồm các phần học chính như sau:
Phần 1: Tổng quan TOEIC từ A-Z
Phần 2: Part 1- Khởi động TOEIC
Phần 3: Part 2- Vượt chướng ngại vật
Phần 4: Part 3- Tăng tốc TOEIC
Phần 5: Part 4- Về đích Listening
Phần 6: Part 5 +6: Ngữ pháp là chuyện nhỏ
Phần 7: Part 7: Đại chiến TOEIC
Phần 8: Tổng kết khóa học. 
Còn vô vàn những kiến thức bổ ích và hấp dẫn có trong khóa học toeic cho người mất căn bản. Nhanh tay đăng ký khóa học tiếng Anh “TOEIC thần tốc dành cho người mất gốc” để chinh phục TOEIC trong thời gian ngắn nhất bạn nhé!","399,000đ",11 giờ 20 phút,56 bài giảng,5,"Đỗ Vân Anh
Vân Anh Athena - CEO Trung tâm Anh ngữ Athena
THẠC SĨ. ĐỖ VÂN ANH - CEO Trung tâm Anh ngữ Athena
Thạc sĩ khoa Tài chính trường Leeds Metropolitan (Vương quốc Anh)
TOEIC: 990/990, IELTS: 8.5
Chứng chỉ giảng dạy Tiếng Anh TESOL (Chứng chỉ giảng dạy Tiếng Anh 80 nước trên thế giới)
Gần 10 năm kinh nghiệm về dạy Toeic, IELTS, Luyện thi THPT Quốc Gia môn Tiếng Anh
Xem Thêm",https://unica.vn/uploads/thaoptt09@gmail.com/January1020171136am_do-van-anh_thumb.jpg,1,550
Ngoại ngữ,"https://unica.vn/tu-hoc-tieng-trung-co-ban
",Unica Ngoại ngữ Tiếng Trung  ,Tự học tiếng Trung cơ bản,ThanhMaiHSK,1912 học viên,https://www.youtube.com/watch?v=WNU0UrIj-Ng,64 đánh giá,"Khóa học Tự học tiếng Trung cơ bản cho người mới bắt đầu giúp bạn nắm vững kỹ năng phát âm chuẩn, ngữ pháp và từ vựng cơ bản tương ứng HSK2, tăng khả năng phản xạ khi giao tiếp. Dễ hiểu - Hiệu quả - Nói bài bản ngay từ bài đầu tiên.","Giới thiệu khóa học
Bạn đang gặp phải một số vấn đề: 
❓ Bạn chưa học tiếng Trung bao giờ nhưng lại muốn học ngoại ngữ online nhanh và tự học một cách bài bản?
❓ Bạn không có thời gian cố định để đi học vào khung giờ cố định tại các trung tâm? Bạn đã tiếp xúc với tiếng Trung một thời gian ngắn những chưa tự tin với việc phát âm hoặc phát âm sai?
❓ Bạn đã học một thời gian nhưng vẫn chưa giao tiếp được hoặc vẫn nói sai ngữ pháp?                        
❓ Bạn mong muốn trong thời gian ngắn nhất học tiếng Trung giao tiếp hiệu quả để phục vụ nhu cầu công việc, du lịch, sở thích...?
❓ Bạn mong muốn tìm một khoá học tiếng Trung trực tuyến nhưng chưa tìm được lựa chọn phù hợp?
Để giải quyết những vấn đề trên, bạn hãy đến với Khóa học: Tự học tiếng Trung cơ bản của giảng viên Thanh Mai HSK trên UNICA để được truyền cảm hứng và chuẩn bị một hành trang ngôn ngữ vững vàng!
Nội dung khóa học tiếng Trung online cho người mới bắt đầu
Khóa học tiếng Trung trực tuyến ra đời với mục đích giúp các bạn tiết kiệm được thời gian, công sức, tiền bạc, nhưng vẫn đảm bảo các bạn nắm vững và sử dụng tiếng Trung một cách thành thạo.
Bạn sẽ không phải mất thời gian đi lại để tham gia các khoá học tập trung hoặc đóng tiền học rồi mà vẫn phải lo lắng không biết giáo viên ở đó phát âm thế nào, dạy có dễ hiểu không, hiệu quả ra sao.
Khóa học tiếng Trung qua mạng với những bài giảng được biên soạn tổng hợp tinh túy từ các giáo trình sử dụng phổ biến hiện nay, với những mẫu câu đối thoại ngắn gọn, xúc tích, những hình ảnh trực quan đơn giản, giúp tăng khả năng ghi nhớ chữ Hán, nắm vững ngữ pháp Tiếng Trung và biết cách sử dụng tiếng Trung nhanh hơn.
Và điều quan trọng nhất là, chỉ với mức đầu tư vô cùng thấp, bạn đã có cơ hội để trở thành học viên thành công tiếp theo của Thanh Mai HSK - một trung tâm tiếng Trung uy tín hàng đầu Hà Nội - TP Hồ Chí Minh hiện nay.
Ngay hôm nay, đừng chần chừ mà hãy đăng ký khóa học “Tự học tiếng Trung cơ bản”!
 
 ","399,000đ",08 giờ 12 phút,50 bài giảng,4,"ThanhMaiHSK
Tiến sỹ ngôn ngữ
Tiến sỹ ngôn ngữ học Trần Thị Thanh Mai
Giảng viên khoa Tiếng Trung Quốc Trường đại học Hà Nội
Giám đốc Trung tâm tiếng Trung THANHMAIHSK.
Chương trình giảng dạy được biên soạn bởi cô Trần Thị Thanh Mai dựa trên những khảo sát chuyên sâu về nhu cầu học tập tiếng Trung trên cả nước kết hợp với ứng dụng phương pháp dạy và học ngoại ngữ hiện đại và hiệu quả nhất trên thế giới hiện nay.
Xem Thêm",https://unica.vn/uploads/thaoptt09@gmail.com/December202016545pm_thanhmaihsk_thumb.jpg,1,1923
Ngoại ngữ,"https://unica.vn/hoc-tieng-han-giao-tiep-khong-kho
",Unica Ngoại ngữ Tiếng Hàn  ,Học giao tiếp tiếng Hàn thật dễ,Châu Thùy Trang,1563 học viên,None,82 đánh giá,"Khoá học giao tiếp tiếng Hàn giúp bạn nắm chắc từ vựng, cấu trúc ngữ pháp tiếng Hàn trong giao tiếp nhanh chóng để tự tin học và làm việc trong môi trường tiếng Hàn.","Giới thiệu khóa học
Câu hỏi đặt ra:
❓ Bạn đang làm việc tại một công ty Hàn Quốc, bạn muốn cơ thêm cơ hội để thăng tiến trong công việc cũng như có thể trò chuyện, giao tiếp cùng người Hàn Quốc trong công ty?
❓ Bạn đang học giao tiếp tiếng Hàn, nhưng ngại giao tiếp với người Hàn Quốc vì không có đủ vốn từ vựng cũng như không tự tin về ngữ pháp của mình?
❓ Bạn yêu thích những idol Hàn Quốc xinh đẹp, khiến bạn phải rung rinh?
❓ Bạn muốn tự học ngoại ngữ online nhưng không biết bắt đầu từ đâu?
❓ Bạn mong muốn được tìm hiểu nhiều hơn về đất nước xứ sở Kim chi xinh đẹp, muốn được giao tiếp nhiều hơn với người Hàn Quốc?
 Tuy nhiên:
❌ Tiếng Hàn của bạn quá kém.
❌ Bạn không thể cải thiện tình trạng giao tiếp tiếng Hàn của mình. Vốn từ vựng của bạn rất ít, bạn không nghe được người bản địa nói gì.
❌ Bạn quá tự ti, ngại giao tiếp với người nước ngoài vì tiếng Hàn giao tiếp của mình còn kém
Tất cả những vấn đề đó của bạn sẽ được giải quyết nhanh chóng với khóa Học giao tiếp tiếng Hàn thật dễ cùng giảng viên xinh đẹp Châu Thùy Trang trên UNICA. Khóa học trang bị cho bạn kho từ vựng tiếng Hàn trong sinh hoạt, giao tiếp hàng ngày, cũng như kiến thức ngữ pháp cơ bản nhất, để bạn có thể tự tin trong giao tiếp và trò chuyện cùng người Hàn Quốc.
Với 54 bài giảng về 8 chủ đề về học tiếng Hàn quốc giao tiếp từ những kiến thức cơ bản về nguyên âm, phụ âm của Tiếng Hàn, đến cách sử dụng tiếng Hàn trong các trường hợp sinh hoạt hàng ngày như: ở nhà, đời sống, cuối tuần, trường học, thời tiết, du lịch, mua sắm,...với vồn từ vựng đầy đủ cũng như cấu trúc ngữ pháp, xử lý tình huống trong từng văn cảnh hội thoại cụ thể.
Chắc chắn sau khóa học Học giao tiếp tiếng Hàn rất dễ cùng cô Thùy Trang, trình độ tiếng Hàn của bạn sẽ được cải thiện, bạn sẽ tự tin hơn để trò chuyện với người Hàn Quốc.
Nhanh tay đăng ký khóa học giao tiếp tiếng Hàn ngay hôm nay!","399,000đ",06 giờ 02 phút,53 bài giảng,4,"Châu Thùy Trang
Giảng viên
Giảng Viên Châu Thùy Trang
Hiện đang công tác giảng dạy tiếng Việt và tiếng Hàn cho đối tượng người Hàn và người Việt. 
Kinh nghiệm dạy học đã được 6 năm dạy song ngữ tiếng Hàn và tiếng Việt. 
Xem Thêm",https://unica.vn/uploads/linhntd@unica.vn/December202016442pm_chau-thuy-trang_thumb.jpg,4,2427
